[{"x":0,"y":0,"z":0,"material":"minecraft:air","facing":"","half":"","rotation":-1},{"x":0,"y":0,"z":1,"material":"minecraft:smooth_stone_slab","facing":"","half":"","rotation":-1},{"x":0,"y":0,"z":2,"material":"minecraft:smooth_stone_slab","facing":"","half":"","rotation":-1},{"x":0,"y":0,"z":3,"material":"minecraft:smooth_stone_slab","facing":"","half":"","rotation":-1},{"x":0,"y":0,"z":4,"material":"minecraft:air","facing":"","half":"","rotation":-1},{"x":1,"y":0,"z":0,"material":"minecraft:stone_button","facing":"north","half":"","rotation":-1},{"x":1,"y":0,"z":1,"material":"minecraft:black_wool","facing":"","half":"","rotation":-1},{"x":1,"y":0,"z":2,"material":"minecraft:smooth_stone_slab","facing":"","half":"","rotation":-1},{"x":1,"y":0,"z":3,"material":"minecraft:black_wool","facing":"","half":"","rotation":-1},{"x":1,"y":0,"z":4,"material":"minecraft:stone_button","facing":"south","half":"","rotation":-1},{"x":2,"y":0,"z":0,"material":"minecraft:air","facing":"","half":"","rotation":-1},{"x":2,"y":0,"z":1,"material":"minecraft:smooth_stone_slab","facing":"","half":"","rotation":-1},{"x":2,"y":0,"z":2,"material":"minecraft:air","facing":"","half":"","rotation":-1},{"x":2,"y":0,"z":3,"material":"minecraft:smooth_stone_slab","facing":"","half":"","rotation":-1},{"x":2,"y":0,"z":4,"material":"minecraft:air","facing":"","half":"","rotation":-1},{"x":3,"y":0,"z":0,"material":"minecraft:air","facing":"","half":"","rotation":-1},{"x":3,"y":0,"z":1,"material":"minecraft:smooth_stone_slab","facing":"","half":"","rotation":-1},{"x":3,"y":0,"z":2,"material":"minecraft:air","facing":"","half":"","rotation":-1},{"x":3,"y":0,"z":3,"material":"minecraft:smooth_stone_slab","facing":"","half":"","rotation":-1},{"x":3,"y":0,"z":4,"material":"minecraft:air","facing":"","half":"","rotation":-1},{"x":4,"y":0,"z":0,"material":"minecraft:air","facing":"","half":"","rotation":-1},{"x":4,"y":0,"z":1,"material":"minecraft:smooth_stone_slab","facing":"","half":"","rotation":-1},{"x":4,"y":0,"z":2,"material":"minecraft:air","facing":"","half":"","rotation":-1},{"x":4,"y":0,"z":3,"material":"minecraft:smooth_stone_slab","facing":"","half":"","rotation":-1},{"x":4,"y":0,"z":4,"material":"minecraft:air","facing":"","half":"","rotation":-1},{"x":5,"y":0,"z":0,"material":"minecraft:stone_button","facing":"north","half":"","rotation":-1},{"x":5,"y":0,"z":1,"material":"minecraft:black_wool","facing":"","half":"","rotation":-1},{"x":5,"y":0,"z":2,"material":"minecraft:smooth_stone_slab","facing":"","half":"","rotation":-1},{"x":5,"y":0,"z":3,"material":"minecraft:black_wool","facing":"","half":"","rotation":-1},{"x":5,"y":0,"z":4,"material":"minecraft:stone_button","facing":"south","half":"","rotation":-1},{"x":6,"y":0,"z":0,"material":"minecraft:air","facing":"","half":"","rotation":-1},{"x":6,"y":0,"z":1,"material":"minecraft:smooth_stone_slab","facing":"","half":"","rotation":-1},{"x":6,"y":0,"z":2,"material":"minecraft:smooth_stone_slab","facing":"","half":"","rotation":-1},{"x":6,"y":0,"z":3,"material":"minecraft:smooth_stone_slab","facing":"","half":"","rotation":-1},{"x":6,"y":0,"z":4,"material":"minecraft:air","facing":"","half":"","rotation":-1},{"x":7,"y":0,"z":0,"material":"minecraft:air","facing":"","half":"","rotation":-1},{"x":7,"y":0,"z":1,"material":"minecraft:air","facing":"","half":"","rotation":-1},{"x":7,"y":0,"z":2,"material":"minecraft:air","facing":"","half":"","rotation":-1},{"x":7,"y":0,"z":3,"material":"minecraft:air","facing":"","half":"","rotation":-1},{"x":7,"y":0,"z":4,"material":"minecraft:air","facing":"","half":"","rotation":-1},{"x":8,"y":0,"z":0,"material":"minecraft:air","facing":"","half":"","rotation":-1},{"x":8,"y":0,"z":1,"material":"minecraft:air","facing":"","half":"","rotation":-1},{"x":8,"y":0,"z":2,"material":"minecraft:air","facing":"","half":"","rotation":-1},{"x":8,"y":0,"z":3,"material":"minecraft:air","facing":"","half":"","rotation":-1},{"x":8,"y":0,"z":4,"material":"minecraft:air","facing":"","half":"","rotation":-1},{"x":0,"y":1,"z":0,"material":"minecraft:air","facing":"","half":"","rotation":-1},{"x":0,"y":1,"z":1,"material":"minecraft:quartz_slab","facing":"","half":"","rotation":-1},{"x":0,"y":1,"z":2,"material":"minecraft:quartz_slab","facing":"","half":"","rotation":-1},{"x":0,"y":1,"z":3,"material":"minecraft:quartz_slab","facing":"","half":"","rotation":-1},{"x":0,"y":1,"z":4,"material":"minecraft:air","facing":"","half":"","rotation":-1},{"x":1,"y":1,"z":0,"material":"minecraft:air","facing":"","half":"","rotation":-1},{"x":1,"y":1,"z":1,"material":"minecraft:quartz_slab","facing":"","half":"","rotation":-1},{"x":1,"y":1,"z":2,"material":"minecraft:smooth_stone_slab","facing":"","half":"","rotation":-1},{"x":1,"y":1,"z":3,"material":"minecraft:quartz_slab","facing":"","half":"","rotation":-1},{"x":1,"y":1,"z":4,"material":"minecraft:air","facing":"","half":"","rotation":-1},{"x":2,"y":1,"z":0,"material":"minecraft:air","facing":"","half":"","rotation":-1},{"x":2,"y":1,"z":1,"material":"minecraft:quartz_slab","facing":"","half":"","rotation":-1},{"x":2,"y":1,"z":2,"material":"minecraft:air","facing":"","half":"","rotation":-1},{"x":2,"y":1,"z":3,"material":"minecraft:quartz_slab","facing":"","half":"","rotation":-1},{"x":2,"y":1,"z":4,"material":"minecraft:air","facing":"","half":"","rotation":-1},{"x":3,"y":1,"z":0,"material":"minecraft:stone_button","facing":"north","half":"","rotation":-1},{"x":3,"y":1,"z":1,"material":"minecraft:quartz_slab","facing":"","half":"","rotation":-1},{"x":3,"y":1,"z":2,"material":"minecraft:air","facing":"","half":"","rotation":-1},{"x":3,"y":1,"z":3,"material":"minecraft:quartz_slab","facing":"","half":"","rotation":-1},{"x":3,"y":1,"z":4,"material":"minecraft:stone_button","facing":"south","half":"","rotation":-1},{"x":4,"y":1,"z":0,"material":"minecraft:oak_wall_sign","facing":"north","half":"","rotation":-1},{"x":4,"y":1,"z":1,"material":"minecraft:quartz_slab","facing":"","half":"","rotation":-1},{"x":4,"y":1,"z":2,"material":"minecraft:air","facing":"","half":"","rotation":-1},{"x":4,"y":1,"z":3,"material":"minecraft:quartz_slab","facing":"","half":"","rotation":-1},{"x":4,"y":1,"z":4,"material":"minecraft:oak_wall_sign","facing":"south","half":"","rotation":-1},{"x":5,"y":1,"z":0,"material":"minecraft:air","facing":"","half":"","rotation":-1},{"x":5,"y":1,"z":1,"material":"minecraft:quartz_slab","facing":"","half":"","rotation":-1},{"x":5,"y":1,"z":2,"material":"minecraft:smooth_stone_slab","facing":"","half":"","rotation":-1},{"x":5,"y":1,"z":3,"material":"minecraft:quartz_slab","facing":"","half":"","rotation":-1},{"x":5,"y":1,"z":4,"material":"minecraft:air","facing":"","half":"","rotation":-1},{"x":6,"y":1,"z":0,"material":"minecraft:air","facing":"","half":"","rotation":-1},{"x":6,"y":1,"z":1,"material":"minecraft:quartz_slab","facing":"","half":"","rotation":-1},{"x":6,"y":1,"z":2,"material":"minecraft:quartz_slab","facing":"","half":"","rotation":-1},{"x":6,"y":1,"z":3,"material":"minecraft:quartz_slab","facing":"","half":"","rotation":-1},{"x":6,"y":1,"z":4,"material":"minecraft:air","facing":"","half":"","rotation":-1},{"x":7,"y":1,"z":0,"material":"minecraft:air","facing":"","half":"","rotation":-1},{"x":7,"y":1,"z":1,"material":"minecraft:oak_button","facing":"east","half":"","rotation":-1},{"x":7,"y":1,"z":2,"material":"minecraft:oak_wall_sign","facing":"east","half":"","rotation":-1},{"x":7,"y":1,"z":3,"material":"minecraft:oak_button","facing":"east","half":"","rotation":-1},{"x":7,"y":1,"z":4,"material":"minecraft:air","facing":"","half":"","rotation":-1},{"x":8,"y":1,"z":0,"material":"minecraft:air","facing":"","half":"","rotation":-1},{"x":8,"y":1,"z":1,"material":"minecraft:air","facing":"","half":"","rotation":-1},{"x":8,"y":1,"z":2,"material":"minecraft:air","facing":"","half":"","rotation":-1},{"x":8,"y":1,"z":3,"material":"minecraft:air","facing":"","half":"","rotation":-1},{"x":8,"y":1,"z":4,"material":"minecraft:air","facing":"","half":"","rotation":-1},{"x":0,"y":2,"z":0,"material":"minecraft:air","facing":"","half":"","rotation":-1},{"x":0,"y":2,"z":1,"material":"minecraft:air","facing":"","half":"","rotation":-1},{"x":0,"y":2,"z":2,"material":"minecraft:air","facing":"","half":"","rotation":-1},{"x":0,"y":2,"z":3,"material":"minecraft:air","facing":"","half":"","rotation":-1},{"x":0,"y":2,"z":4,"material":"minecraft:air","facing":"","half":"","rotation":-1},{"x":1,"y":2,"z":0,"material":"minecraft:air","facing":"","half":"","rotation":-1},{"x":1,"y":2,"z":1,"material":"minecraft:air","facing":"","half":"","rotation":-1},{"x":1,"y":2,"z":2,"material":"minecraft:white_carpet","facing":"","half":"","rotation":-1},{"x":1,"y":2,"z":3,"material":"minecraft:air","facing":"","half":"","rotation":-1},{"x":1,"y":2,"z":4,"material":"minecraft:air","facing":"","half":"","rotation":-1},{"x":2,"y":2,"z":0,"material":"minecraft:white_stained_glass_pane","facing":"","half":"","rotation":-1},{"x":2,"y":2,"z":1,"material":"minecraft:white_stained_glass","facing":"","half":"","rotation":-1},{"x":2,"y":2,"z":2,"material":"minecraft:white_stained_glass","facing":"","half":"","rotation":-1},{"x":2,"y":2,"z":3,"material":"minecraft:white_stained_glass","facing":"","half":"","rotation":-1},{"x":2,"y":2,"z":4,"material":"minecraft:white_stained_glass_pane","facing":"","half":"","rotation":-1},{"x":3,"y":2,"z":0,"material":"minecraft:air","facing":"","half":"","rotation":-1},{"x":3,"y":2,"z":1,"material":"minecraft:white_stained_glass","facing":"","half":"","rotation":-1},{"x":3,"y":2,"z":2,"material":"minecraft:white_stained_glass","facing":"","half":"","rotation":-1},{"x":3,"y":2,"z":3,"material":"minecraft:white_stained_glass","facing":"","half":"","rotation":-1},{"x":3,"y":2,"z":4,"material":"minecraft:air","facing":"","half":"","rotation":-1},{"x":4,"y":2,"z":0,"material":"minecraft:air","facing":"","half":"","rotation":-1},{"x":4,"y":2,"z":1,"material":"minecraft:cyan_terracotta","facing":"","half":"","rotation":-1},{"x":4,"y":2,"z":2,"material":"minecraft:white_stained_glass","facing":"","half":"","rotation":-1},{"x":4,"y":2,"z":3,"material":"minecraft:cyan_terracotta","facing":"","half":"","rotation":-1},{"x":4,"y":2,"z":4,"material":"minecraft:air","facing":"","half":"","rotation":-1},{"x":5,"y":2,"z":0,"material":"minecraft:air","facing":"","half":"","rotation":-1},{"x":5,"y":2,"z":1,"material":"minecraft:white_stained_glass","facing":"","half":"","rotation":-1},{"x":5,"y":2,"z":2,"material":"minecraft:white_stained_glass","facing":"","half":"","rotation":-1},{"x":5,"y":2,"z":3,"material":"minecraft:white_stained_glass","facing":"","half":"","rotation":-1},{"x":5,"y":2,"z":4,"material":"minecraft:air","facing":"","half":"","rotation":-1},{"x":6,"y":2,"z":0,"material":"minecraft:air","facing":"","half":"","rotation":-1},{"x":6,"y":2,"z":1,"material":"minecraft:quartz_stairs","facing":"west","half":"bottom","rotation":-1},{"x":6,"y":2,"z":2,"material":"minecraft:air","facing":"","half":"","rotation":-1},{"x":6,"y":2,"z":3,"material":"minecraft:quartz_stairs","facing":"west","half":"bottom","rotation":-1},{"x":6,"y":2,"z":4,"material":"minecraft:air","facing":"","half":"","rotation":-1},{"x":7,"y":2,"z":0,"material":"minecraft:air","facing":"","half":"","rotation":-1},{"x":7,"y":2,"z":1,"material":"minecraft:air","facing":"","half":"","rotation":-1},{"x":7,"y":2,"z":2,"material":"minecraft:air","facing":"","half":"","rotation":-1},{"x":7,"y":2,"z":3,"material":"minecraft:air","facing":"","half":"","rotation":-1},{"x":7,"y":2,"z":4,"material":"minecraft:air","facing":"","half":"","rotation":-1},{"x":8,"y":2,"z":0,"material":"minecraft:air","facing":"","half":"","rotation":-1},{"x":8,"y":2,"z":1,"material":"minecraft:air","facing":"","half":"","rotation":-1},{"x":8,"y":2,"z":2,"material":"minecraft:air","facing":"","half":"","rotation":-1},{"x":8,"y":2,"z":3,"material":"minecraft:air","facing":"","half":"","rotation":-1},{"x":8,"y":2,"z":4,"material":"minecraft:air","facing":"","half":"","rotation":-1},{"x":0,"y":3,"z":0,"material":"minecraft:air","facing":"","half":"","rotation":-1},{"x":0,"y":3,"z":1,"material":"minecraft:air","facing":"","half":"","rotation":-1},{"x":0,"y":3,"z":2,"material":"minecraft:air","facing":"","half":"","rotation":-1},{"x":0,"y":3,"z":3,"material":"minecraft:air","facing":"","half":"","rotation":-1},{"x":0,"y":3,"z":4,"material":"minecraft:air","facing":"","half":"","rotation":-1},{"x":1,"y":3,"z":0,"material":"minecraft:air","facing":"","half":"","rotation":-1},{"x":1,"y":3,"z":1,"material":"minecraft:air","facing":"","half":"","rotation":-1},{"x":1,"y":3,"z":2,"material":"minecraft:air","facing":"","half":"","rotation":-1},{"x":1,"y":3,"z":3,"material":"minecraft:air","facing":"","half":"","rotation":-1},{"x":1,"y":3,"z":4,"material":"minecraft:air","facing":"","half":"","rotation":-1},{"x":2,"y":3,"z":0,"material":"minecraft:air","facing":"","half":"","rotation":-1},{"x":2,"y":3,"z":1,"material":"minecraft:white_carpet","facing":"","half":"","rotation":-1},{"x":2,"y":3,"z":2,"material":"minecraft:white_carpet","facing":"","half":"","rotation":-1},{"x":2,"y":3,"z":3,"material":"minecraft:white_carpet","facing":"","half":"","rotation":-1},{"x":2,"y":3,"z":4,"material":"minecraft:air","facing":"","half":"","rotation":-1},{"x":3,"y":3,"z":0,"material":"minecraft:air","facing":"","half":"","rotation":-1},{"x":3,"y":3,"z":1,"material":"minecraft:white_carpet","facing":"","half":"","rotation":-1},{"x":3,"y":3,"z":2,"material":"minecraft:air","facing":"","half":"","rotation":-1},{"x":3,"y":3,"z":3,"material":"minecraft:white_carpet","facing":"","half":"","rotation":-1},{"x":3,"y":3,"z":4,"material":"minecraft:air","facing":"","half":"","rotation":-1},{"x":4,"y":3,"z":0,"material":"minecraft:air","facing":"","half":"","rotation":-1},{"x":4,"y":3,"z":1,"material":"minecraft:white_carpet","facing":"","half":"","rotation":-1},{"x":4,"y":3,"z":2,"material":"minecraft:air","facing":"","half":"","rotation":-1},{"x":4,"y":3,"z":3,"material":"minecraft:white_carpet","facing":"","half":"","rotation":-1},{"x":4,"y":3,"z":4,"material":"minecraft:air","facing":"","half":"","rotation":-1},{"x":5,"y":3,"z":0,"material":"minecraft:air","facing":"","half":"","rotation":-1},{"x":5,"y":3,"z":1,"material":"minecraft:white_carpet","facing":"","half":"","rotation":-1},{"x":5,"y":3,"z":2,"material":"minecraft:white_carpet","facing":"","half":"","rotation":-1},{"x":5,"y":3,"z":3,"material":"minecraft:white_carpet","facing":"","half":"","rotation":-1},{"x":5,"y":3,"z":4,"material":"minecraft:air","facing":"","half":"","rotation":-1},{"x":6,"y":3,"z":0,"material":"minecraft:air","facing":"","half":"","rotation":-1},{"x":6,"y":3,"z":1,"material":"minecraft:air","facing":"","half":"","rotation":-1},{"x":6,"y":3,"z":2,"material":"minecraft:air","facing":"","half":"","rotation":-1},{"x":6,"y":3,"z":3,"material":"minecraft:air","facing":"","half":"","rotation":-1},{"x":6,"y":3,"z":4,"material":"minecraft:air","facing":"","half":"","rotation":-1},{"x":7,"y":3,"z":0,"material":"minecraft:air","facing":"","half":"","rotation":-1},{"x":7,"y":3,"z":1,"material":"minecraft:air","facing":"","half":"","rotation":-1},{"x":7,"y":3,"z":2,"material":"minecraft:air","facing":"","half":"","rotation":-1},{"x":7,"y":3,"z":3,"material":"minecraft:air","facing":"","half":"","rotation":-1},{"x":7,"y":3,"z":4,"material":"minecraft:air","facing":"","half":"","rotation":-1},{"x":8,"y":3,"z":0,"material":"minecraft:air","facing":"","half":"","rotation":-1},{"x":8,"y":3,"z":1,"material":"minecraft:air","facing":"","half":"","rotation":-1},{"x":8,"y":3,"z":2,"material":"minecraft:air","facing":"","half":"","rotation":-1},{"x":8,"y":3,"z":3,"material":"minecraft:air","facing":"","half":"","rotation":-1},{"x":8,"y":3,"z":4,"material":"minecraft:air","facing":"","half":"","rotation":-1},{"x":0,"y":4,"z":0,"material":"minecraft:air","facing":"","half":"","rotation":-1},{"x":0,"y":4,"z":1,"material":"minecraft:air","facing":"","half":"","rotation":-1},{"x":0,"y":4,"z":2,"material":"minecraft:air","facing":"","half":"","rotation":-1},{"x":0,"y":4,"z":3,"material":"minecraft:air","facing":"","half":"","rotation":-1},{"x":0,"y":4,"z":4,"material":"minecraft:air","facing":"","half":"","rotation":-1},{"x":1,"y":4,"z":0,"material":"minecraft:air","facing":"","half":"","rotation":-1},{"x":1,"y":4,"z":1,"material":"minecraft:air","facing":"","half":"","rotation":-1},{"x":1,"y":4,"z":2,"material":"minecraft:air","facing":"","half":"","rotation":-1},{"x":1,"y":4,"z":3,"material":"minecraft:air","facing":"","half":"","rotation":-1},{"x":1,"y":4,"z":4,"material":"minecraft:air","facing":"","half":"","rotation":-1},{"x":2,"y":4,"z":0,"material":"minecraft:air","facing":"","half":"","rotation":-1},{"x":2,"y":4,"z":1,"material":"minecraft:air","facing":"","half":"","rotation":-1},{"x":2,"y":4,"z":2,"material":"minecraft:air","facing":"","half":"","rotation":-1},{"x":2,"y":4,"z":3,"material":"minecraft:air","facing":"","half":"","rotation":-1},{"x":2,"y":4,"z":4,"material":"minecraft:air","facing":"","half":"","rotation":-1},{"x":3,"y":4,"z":0,"material":"minecraft:air","facing":"","half":"","rotation":-1},{"x":3,"y":4,"z":1,"material":"minecraft:air","facing":"","half":"","rotation":-1},{"x":3,"y":4,"z":2,"material":"minecraft:air","facing":"","half":"","rotation":-1},{"x":3,"y":4,"z":3,"material":"minecraft:air","facing":"","half":"","rotation":-1},{"x":3,"y":4,"z":4,"material":"minecraft:air","facing":"","half":"","rotation":-1},{"x":4,"y":4,"z":0,"material":"minecraft:air","facing":"","half":"","rotation":-1},{"x":4,"y":4,"z":1,"material":"minecraft:air","facing":"","half":"","rotation":-1},{"x":4,"y":4,"z":2,"material":"minecraft:air","facing":"","half":"","rotation":-1},{"x":4,"y":4,"z":3,"material":"minecraft:air","facing":"","half":"","rotation":-1},{"x":4,"y":4,"z":4,"material":"minecraft:air","facing":"","half":"","rotation":-1},{"x":5,"y":4,"z":0,"material":"minecraft:air","facing":"","half":"","rotation":-1},{"x":5,"y":4,"z":1,"material":"minecraft:air","facing":"","half":"","rotation":-1},{"x":5,"y":4,"z":2,"material":"minecraft:air","facing":"","half":"","rotation":-1},{"x":5,"y":4,"z":3,"material":"minecraft:air","facing":"","half":"","rotation":-1},{"x":5,"y":4,"z":4,"material":"minecraft:air","facing":"","half":"","rotation":-1},{"x":6,"y":4,"z":0,"material":"minecraft:air","facing":"","half":"","rotation":-1},{"x":6,"y":4,"z":1,"material":"minecraft:air","facing":"","half":"","rotation":-1},{"x":6,"y":4,"z":2,"material":"minecraft:air","facing":"","half":"","rotation":-1},{"x":6,"y":4,"z":3,"material":"minecraft:air","facing":"","half":"","rotation":-1},{"x":6,"y":4,"z":4,"material":"minecraft:air","facing":"","half":"","rotation":-1},{"x":7,"y":4,"z":0,"material":"minecraft:air","facing":"","half":"","rotation":-1},{"x":7,"y":4,"z":1,"material":"minecraft:air","facing":"","half":"","rotation":-1},{"x":7,"y":4,"z":2,"material":"minecraft:air","facing":"","half":"","rotation":-1},{"x":7,"y":4,"z":3,"material":"minecraft:air","facing":"","half":"","rotation":-1},{"x":7,"y":4,"z":4,"material":"minecraft:air","facing":"","half":"","rotation":-1},{"x":8,"y":4,"z":0,"material":"minecraft:air","facing":"","half":"","rotation":-1},{"x":8,"y":4,"z":1,"material":"minecraft:air","facing":"","half":"","rotation":-1},{"x":8,"y":4,"z":2,"material":"minecraft:air","facing":"","half":"","rotation":-1},{"x":8,"y":4,"z":3,"material":"minecraft:air","facing":"","half":"","rotation":-1},{"x":8,"y":4,"z":4,"material":"minecraft:air","facing":"","half":"","rotation":-1},{"x":0,"y":5,"z":0,"material":"minecraft:air","facing":"","half":"","rotation":-1},{"x":0,"y":5,"z":1,"material":"minecraft:air","facing":"","half":"","rotation":-1},{"x":0,"y":5,"z":2,"material":"minecraft:air","facing":"","half":"","rotation":-1},{"x":0,"y":5,"z":3,"material":"minecraft:air","facing":"","half":"","rotation":-1},{"x":0,"y":5,"z":4,"material":"minecraft:air","facing":"","half":"","rotation":-1},{"x":1,"y":5,"z":0,"material":"minecraft:air","facing":"","half":"","rotation":-1},{"x":1,"y":5,"z":1,"material":"minecraft:air","facing":"","half":"","rotation":-1},{"x":1,"y":5,"z":2,"material":"minecraft:air","facing":"","half":"","rotation":-1},{"x":1,"y":5,"z":3,"material":"minecraft:air","facing":"","half":"","rotation":-1},{"x":1,"y":5,"z":4,"material":"minecraft:air","facing":"","half":"","rotation":-1},{"x":2,"y":5,"z":0,"material":"minecraft:air","facing":"","half":"","rotation":-1},{"x":2,"y":5,"z":1,"material":"minecraft:air","facing":"","half":"","rotation":-1},{"x":2,"y":5,"z":2,"material":"minecraft:air","facing":"","half":"","rotation":-1},{"x":2,"y":5,"z":3,"material":"minecraft:air","facing":"","half":"","rotation":-1},{"x":2,"y":5,"z":4,"material":"minecraft:air","facing":"","half":"","rotation":-1},{"x":3,"y":5,"z":0,"material":"minecraft:air","facing":"","half":"","rotation":-1},{"x":3,"y":5,"z":1,"material":"minecraft:air","facing":"","half":"","rotation":-1},{"x":3,"y":5,"z":2,"material":"minecraft:air","facing":"","half":"","rotation":-1},{"x":3,"y":5,"z":3,"material":"minecraft:air","facing":"","half":"","rotation":-1},{"x":3,"y":5,"z":4,"material":"minecraft:air","facing":"","half":"","rotation":-1},{"x":4,"y":5,"z":0,"material":"minecraft:air","facing":"","half":"","rotation":-1},{"x":4,"y":5,"z":1,"material":"minecraft:air","facing":"","half":"","rotation":-1},{"x":4,"y":5,"z":2,"material":"minecraft:air","facing":"","half":"","rotation":-1},{"x":4,"y":5,"z":3,"material":"minecraft:air","facing":"","half":"","rotation":-1},{"x":4,"y":5,"z":4,"material":"minecraft:air","facing":"","half":"","rotation":-1},{"x":5,"y":5,"z":0,"material":"minecraft:air","facing":"","half":"","rotation":-1},{"x":5,"y":5,"z":1,"material":"minecraft:air","facing":"","half":"","rotation":-1},{"x":5,"y":5,"z":2,"material":"minecraft:air","facing":"","half":"","rotation":-1},{"x":5,"y":5,"z":3,"material":"minecraft:air","facing":"","half":"","rotation":-1},{"x":5,"y":5,"z":4,"material":"minecraft:air","facing":"","half":"","rotation":-1},{"x":6,"y":5,"z":0,"material":"minecraft:air","facing":"","half":"","rotation":-1},{"x":6,"y":5,"z":1,"material":"minecraft:air","facing":"","half":"","rotation":-1},{"x":6,"y":5,"z":2,"material":"minecraft:air","facing":"","half":"","rotation":-1},{"x":6,"y":5,"z":3,"material":"minecraft:air","facing":"","half":"","rotation":-1},{"x":6,"y":5,"z":4,"material":"minecraft:air","facing":"","half":"","rotation":-1},{"x":7,"y":5,"z":0,"material":"minecraft:air","facing":"","half":"","rotation":-1},{"x":7,"y":5,"z":1,"material":"minecraft:air","facing":"","half":"","rotation":-1},{"x":7,"y":5,"z":2,"material":"minecraft:air","facing":"","half":"","rotation":-1},{"x":7,"y":5,"z":3,"material":"minecraft:air","facing":"","half":"","rotation":-1},{"x":7,"y":5,"z":4,"material":"minecraft:air","facing":"","half":"","rotation":-1},{"x":8,"y":5,"z":0,"material":"minecraft:air","facing":"","half":"","rotation":-1},{"x":8,"y":5,"z":1,"material":"minecraft:air","facing":"","half":"","rotation":-1},{"x":8,"y":5,"z":2,"material":"minecraft:air","facing":"","half":"","rotation":-1},{"x":8,"y":5,"z":3,"material":"minecraft:air","facing":"","half":"","rotation":-1},{"x":8,"y":5,"z":4,"material":"minecraft:air","facing":"","half":"","rotation":-1},{"x":0,"y":6,"z":0,"material":"minecraft:air","facing":"","half":"","rotation":-1},{"x":0,"y":6,"z":1,"material":"minecraft:air","facing":"","half":"","rotation":-1},{"x":0,"y":6,"z":2,"material":"minecraft:air","facing":"","half":"","rotation":-1},{"x":0,"y":6,"z":3,"material":"minecraft:air","facing":"","half":"","rotation":-1},{"x":0,"y":6,"z":4,"material":"minecraft:air","facing":"","half":"","rotation":-1},{"x":1,"y":6,"z":0,"material":"minecraft:air","facing":"","half":"","rotation":-1},{"x":1,"y":6,"z":1,"material":"minecraft:air","facing":"","half":"","rotation":-1},{"x":1,"y":6,"z":2,"material":"minecraft:air","facing":"","half":"","rotation":-1},{"x":1,"y":6,"z":3,"material":"minecraft:air","facing":"","half":"","rotation":-1},{"x":1,"y":6,"z":4,"material":"minecraft:air","facing":"","half":"","rotation":-1},{"x":2,"y":6,"z":0,"material":"minecraft:air","facing":"","half":"","rotation":-1},{"x":2,"y":6,"z":1,"material":"minecraft:air","facing":"","half":"","rotation":-1},{"x":2,"y":6,"z":2,"material":"minecraft:air","facing":"","half":"","rotation":-1},{"x":2,"y":6,"z":3,"material":"minecraft:air","facing":"","half":"","rotation":-1},{"x":2,"y":6,"z":4,"material":"minecraft:air","facing":"","half":"","rotation":-1},{"x":3,"y":6,"z":0,"material":"minecraft:air","facing":"","half":"","rotation":-1},{"x":3,"y":6,"z":1,"material":"minecraft:air","facing":"","half":"","rotation":-1},{"x":3,"y":6,"z":2,"material":"minecraft:air","facing":"","half":"","rotation":-1},{"x":3,"y":6,"z":3,"material":"minecraft:air","facing":"","half":"","rotation":-1},{"x":3,"y":6,"z":4,"material":"minecraft:air","facing":"","half":"","rotation":-1},{"x":4,"y":6,"z":0,"material":"minecraft:air","facing":"","half":"","rotation":-1},{"x":4,"y":6,"z":1,"material":"minecraft:air","facing":"","half":"","rotation":-1},{"x":4,"y":6,"z":2,"material":"minecraft:air","facing":"","half":"","rotation":-1},{"x":4,"y":6,"z":3,"material":"minecraft:air","facing":"","half":"","rotation":-1},{"x":4,"y":6,"z":4,"material":"minecraft:air","facing":"","half":"","rotation":-1},{"x":5,"y":6,"z":0,"material":"minecraft:air","facing":"","half":"","rotation":-1},{"x":5,"y":6,"z":1,"material":"minecraft:air","facing":"","half":"","rotation":-1},{"x":5,"y":6,"z":2,"material":"minecraft:air","facing":"","half":"","rotation":-1},{"x":5,"y":6,"z":3,"material":"minecraft:air","facing":"","half":"","rotation":-1},{"x":5,"y":6,"z":4,"material":"minecraft:air","facing":"","half":"","rotation":-1},{"x":6,"y":6,"z":0,"material":"minecraft:air","facing":"","half":"","rotation":-1},{"x":6,"y":6,"z":1,"material":"minecraft:air","facing":"","half":"","rotation":-1},{"x":6,"y":6,"z":2,"material":"minecraft:air","facing":"","half":"","rotation":-1},{"x":6,"y":6,"z":3,"material":"minecraft:air","facing":"","half":"","rotation":-1},{"x":6,"y":6,"z":4,"material":"minecraft:air","facing":"","half":"","rotation":-1},{"x":7,"y":6,"z":0,"material":"minecraft:air","facing":"","half":"","rotation":-1},{"x":7,"y":6,"z":1,"material":"minecraft:air","facing":"","half":"","rotation":-1},{"x":7,"y":6,"z":2,"material":"minecraft:air","facing":"","half":"","rotation":-1},{"x":7,"y":6,"z":3,"material":"minecraft:air","facing":"","half":"","rotation":-1},{"x":7,"y":6,"z":4,"material":"minecraft:air","facing":"","half":"","rotation":-1},{"x":8,"y":6,"z":0,"material":"minecraft:air","facing":"","half":"","rotation":-1},{"x":8,"y":6,"z":1,"material":"minecraft:air","facing":"","half":"","rotation":-1},{"x":8,"y":6,"z":2,"material":"minecraft:air","facing":"","half":"","rotation":-1},{"x":8,"y":6,"z":3,"material":"minecraft:air","facing":"","half":"","rotation":-1},{"x":8,"y":6,"z":4,"material":"minecraft:air","facing":"","half":"","rotation":-1},{"x":0,"y":7,"z":0,"material":"minecraft:air","facing":"","half":"","rotation":-1},{"x":0,"y":7,"z":1,"material":"minecraft:air","facing":"","half":"","rotation":-1},{"x":0,"y":7,"z":2,"material":"minecraft:air","facing":"","half":"","rotation":-1},{"x":0,"y":7,"z":3,"material":"minecraft:air","facing":"","half":"","rotation":-1},{"x":0,"y":7,"z":4,"material":"minecraft:air","facing":"","half":"","rotation":-1},{"x":1,"y":7,"z":0,"material":"minecraft:air","facing":"","half":"","rotation":-1},{"x":1,"y":7,"z":1,"material":"minecraft:air","facing":"","half":"","rotation":-1},{"x":1,"y":7,"z":2,"material":"minecraft:air","facing":"","half":"","rotation":-1},{"x":1,"y":7,"z":3,"material":"minecraft:air","facing":"","half":"","rotation":-1},{"x":1,"y":7,"z":4,"material":"minecraft:air","facing":"","half":"","rotation":-1},{"x":2,"y":7,"z":0,"material":"minecraft:air","facing":"","half":"","rotation":-1},{"x":2,"y":7,"z":1,"material":"minecraft:air","facing":"","half":"","rotation":-1},{"x":2,"y":7,"z":2,"material":"minecraft:air","facing":"","half":"","rotation":-1},{"x":2,"y":7,"z":3,"material":"minecraft:air","facing":"","half":"","rotation":-1},{"x":2,"y":7,"z":4,"material":"minecraft:air","facing":"","half":"","rotation":-1},{"x":3,"y":7,"z":0,"material":"minecraft:air","facing":"","half":"","rotation":-1},{"x":3,"y":7,"z":1,"material":"minecraft:air","facing":"","half":"","rotation":-1},{"x":3,"y":7,"z":2,"material":"minecraft:air","facing":"","half":"","rotation":-1},{"x":3,"y":7,"z":3,"material":"minecraft:air","facing":"","half":"","rotation":-1},{"x":3,"y":7,"z":4,"material":"minecraft:air","facing":"","half":"","rotation":-1},{"x":4,"y":7,"z":0,"material":"minecraft:air","facing":"","half":"","rotation":-1},{"x":4,"y":7,"z":1,"material":"minecraft:air","facing":"","half":"","rotation":-1},{"x":4,"y":7,"z":2,"material":"minecraft:air","facing":"","half":"","rotation":-1},{"x":4,"y":7,"z":3,"material":"minecraft:air","facing":"","half":"","rotation":-1},{"x":4,"y":7,"z":4,"material":"minecraft:air","facing":"","half":"","rotation":-1},{"x":5,"y":7,"z":0,"material":"minecraft:air","facing":"","half":"","rotation":-1},{"x":5,"y":7,"z":1,"material":"minecraft:air","facing":"","half":"","rotation":-1},{"x":5,"y":7,"z":2,"material":"minecraft:air","facing":"","half":"","rotation":-1},{"x":5,"y":7,"z":3,"material":"minecraft:air","facing":"","half":"","rotation":-1},{"x":5,"y":7,"z":4,"material":"minecraft:air","facing":"","half":"","rotation":-1},{"x":6,"y":7,"z":0,"material":"minecraft:air","facing":"","half":"","rotation":-1},{"x":6,"y":7,"z":1,"material":"minecraft:air","facing":"","half":"","rotation":-1},{"x":6,"y":7,"z":2,"material":"minecraft:air","facing":"","half":"","rotation":-1},{"x":6,"y":7,"z":3,"material":"minecraft:air","facing":"","half":"","rotation":-1},{"x":6,"y":7,"z":4,"material":"minecraft:air","facing":"","half":"","rotation":-1},{"x":7,"y":7,"z":0,"material":"minecraft:air","facing":"","half":"","rotation":-1},{"x":7,"y":7,"z":1,"material":"minecraft:air","facing":"","half":"","rotation":-1},{"x":7,"y":7,"z":2,"material":"minecraft:air","facing":"","half":"","rotation":-1},{"x":7,"y":7,"z":3,"material":"minecraft:air","facing":"","half":"","rotation":-1},{"x":7,"y":7,"z":4,"material":"minecraft:air","facing":"","half":"","rotation":-1},{"x":8,"y":7,"z":0,"material":"minecraft:air","facing":"","half":"","rotation":-1},{"x":8,"y":7,"z":1,"material":"minecraft:air","facing":"","half":"","rotation":-1},{"x":8,"y":7,"z":2,"material":"minecraft:air","facing":"","half":"","rotation":-1},{"x":8,"y":7,"z":3,"material":"minecraft:air","facing":"","half":"","rotation":-1},{"x":8,"y":7,"z":4,"material":"minecraft:air","facing":"","half":"","rotation":-1},{"x":0,"y":8,"z":0,"material":"minecraft:air","facing":"","half":"","rotation":-1},{"x":0,"y":8,"z":1,"material":"minecraft:air","facing":"","half":"","rotation":-1},{"x":0,"y":8,"z":2,"material":"minecraft:air","facing":"","half":"","rotation":-1},{"x":0,"y":8,"z":3,"material":"minecraft:air","facing":"","half":"","rotation":-1},{"x":0,"y":8,"z":4,"material":"minecraft:air","facing":"","half":"","rotation":-1},{"x":1,"y":8,"z":0,"material":"minecraft:air","facing":"","half":"","rotation":-1},{"x":1,"y":8,"z":1,"material":"minecraft:air","facing":"","half":"","rotation":-1},{"x":1,"y":8,"z":2,"material":"minecraft:air","facing":"","half":"","rotation":-1},{"x":1,"y":8,"z":3,"material":"minecraft:air","facing":"","half":"","rotation":-1},{"x":1,"y":8,"z":4,"material":"minecraft:air","facing":"","half":"","rotation":-1},{"x":2,"y":8,"z":0,"material":"minecraft:air","facing":"","half":"","rotation":-1},{"x":2,"y":8,"z":1,"material":"minecraft:air","facing":"","half":"","rotation":-1},{"x":2,"y":8,"z":2,"material":"minecraft:air","facing":"","half":"","rotation":-1},{"x":2,"y":8,"z":3,"material":"minecraft:air","facing":"","half":"","rotation":-1},{"x":2,"y":8,"z":4,"material":"minecraft:air","facing":"","half":"","rotation":-1},{"x":3,"y":8,"z":0,"material":"minecraft:air","facing":"","half":"","rotation":-1},{"x":3,"y":8,"z":1,"material":"minecraft:air","facing":"","half":"","rotation":-1},{"x":3,"y":8,"z":2,"material":"minecraft:air","facing":"","half":"","rotation":-1},{"x":3,"y":8,"z":3,"material":"minecraft:air","facing":"","half":"","rotation":-1},{"x":3,"y":8,"z":4,"material":"minecraft:air","facing":"","half":"","rotation":-1},{"x":4,"y":8,"z":0,"material":"minecraft:air","facing":"","half":"","rotation":-1},{"x":4,"y":8,"z":1,"material":"minecraft:air","facing":"","half":"","rotation":-1},{"x":4,"y":8,"z":2,"material":"minecraft:air","facing":"","half":"","rotation":-1},{"x":4,"y":8,"z":3,"material":"minecraft:air","facing":"","half":"","rotation":-1},{"x":4,"y":8,"z":4,"material":"minecraft:air","facing":"","half":"","rotation":-1},{"x":5,"y":8,"z":0,"material":"minecraft:air","facing":"","half":"","rotation":-1},{"x":5,"y":8,"z":1,"material":"minecraft:air","facing":"","half":"","rotation":-1},{"x":5,"y":8,"z":2,"material":"minecraft:air","facing":"","half":"","rotation":-1},{"x":5,"y":8,"z":3,"material":"minecraft:air","facing":"","half":"","rotation":-1},{"x":5,"y":8,"z":4,"material":"minecraft:air","facing":"","half":"","rotation":-1},{"x":6,"y":8,"z":0,"material":"minecraft:air","facing":"","half":"","rotation":-1},{"x":6,"y":8,"z":1,"material":"minecraft:air","facing":"","half":"","rotation":-1},{"x":6,"y":8,"z":2,"material":"minecraft:air","facing":"","half":"","rotation":-1},{"x":6,"y":8,"z":3,"material":"minecraft:air","facing":"","half":"","rotation":-1},{"x":6,"y":8,"z":4,"material":"minecraft:air","facing":"","half":"","rotation":-1},{"x":7,"y":8,"z":0,"material":"minecraft:air","facing":"","half":"","rotation":-1},{"x":7,"y":8,"z":1,"material":"minecraft:air","facing":"","half":"","rotation":-1},{"x":7,"y":8,"z":2,"material":"minecraft:air","facing":"","half":"","rotation":-1},{"x":7,"y":8,"z":3,"material":"minecraft:air","facing":"","half":"","rotation":-1},{"x":7,"y":8,"z":4,"material":"minecraft:air","facing":"","half":"","rotation":-1},{"x":8,"y":8,"z":0,"material":"minecraft:air","facing":"","half":"","rotation":-1},{"x":8,"y":8,"z":1,"material":"minecraft:air","facing":"","half":"","rotation":-1},{"x":8,"y":8,"z":2,"material":"minecraft:air","facing":"","half":"","rotation":-1},{"x":8,"y":8,"z":3,"material":"minecraft:air","facing":"","half":"","rotation":-1},{"x":8,"y":8,"z":4,"material":"minecraft:air","facing":"","half":"","rotation":-1},{"x":0,"y":9,"z":0,"material":"minecraft:air","facing":"","half":"","rotation":-1},{"x":0,"y":9,"z":1,"material":"minecraft:air","facing":"","half":"","rotation":-1},{"x":0,"y":9,"z":2,"material":"minecraft:air","facing":"","half":"","rotation":-1},{"x":0,"y":9,"z":3,"material":"minecraft:air","facing":"","half":"","rotation":-1},{"x":0,"y":9,"z":4,"material":"minecraft:air","facing":"","half":"","rotation":-1},{"x":1,"y":9,"z":0,"material":"minecraft:air","facing":"","half":"","rotation":-1},{"x":1,"y":9,"z":1,"material":"minecraft:air","facing":"","half":"","rotation":-1},{"x":1,"y":9,"z":2,"material":"minecraft:air","facing":"","half":"","rotation":-1},{"x":1,"y":9,"z":3,"material":"minecraft:air","facing":"","half":"","rotation":-1},{"x":1,"y":9,"z":4,"material":"minecraft:air","facing":"","half":"","rotation":-1},{"x":2,"y":9,"z":0,"material":"minecraft:air","facing":"","half":"","rotation":-1},{"x":2,"y":9,"z":1,"material":"minecraft:air","facing":"","half":"","rotation":-1},{"x":2,"y":9,"z":2,"material":"minecraft:air","facing":"","half":"","rotation":-1},{"x":2,"y":9,"z":3,"material":"minecraft:air","facing":"","half":"","rotation":-1},{"x":2,"y":9,"z":4,"material":"minecraft:air","facing":"","half":"","rotation":-1},{"x":3,"y":9,"z":0,"material":"minecraft:air","facing":"","half":"","rotation":-1},{"x":3,"y":9,"z":1,"material":"minecraft:air","facing":"","half":"","rotation":-1},{"x":3,"y":9,"z":2,"material":"minecraft:air","facing":"","half":"","rotation":-1},{"x":3,"y":9,"z":3,"material":"minecraft:air","facing":"","half":"","rotation":-1},{"x":3,"y":9,"z":4,"material":"minecraft:air","facing":"","half":"","rotation":-1},{"x":4,"y":9,"z":0,"material":"minecraft:air","facing":"","half":"","rotation":-1},{"x":4,"y":9,"z":1,"material":"minecraft:air","facing":"","half":"","rotation":-1},{"x":4,"y":9,"z":2,"material":"minecraft:air","facing":"","half":"","rotation":-1},{"x":4,"y":9,"z":3,"material":"minecraft:air","facing":"","half":"","rotation":-1},{"x":4,"y":9,"z":4,"material":"minecraft:air","facing":"","half":"","rotation":-1},{"x":5,"y":9,"z":0,"material":"minecraft:air","facing":"","half":"","rotation":-1},{"x":5,"y":9,"z":1,"material":"minecraft:air","facing":"","half":"","rotation":-1},{"x":5,"y":9,"z":2,"material":"minecraft:air","facing":"","half":"","rotation":-1},{"x":5,"y":9,"z":3,"material":"minecraft:air","facing":"","half":"","rotation":-1},{"x":5,"y":9,"z":4,"material":"minecraft:air","facing":"","half":"","rotation":-1},{"x":6,"y":9,"z":0,"material":"minecraft:air","facing":"","half":"","rotation":-1},{"x":6,"y":9,"z":1,"material":"minecraft:air","facing":"","half":"","rotation":-1},{"x":6,"y":9,"z":2,"material":"minecraft:air","facing":"","half":"","rotation":-1},{"x":6,"y":9,"z":3,"material":"minecraft:air","facing":"","half":"","rotation":-1},{"x":6,"y":9,"z":4,"material":"minecraft:air","facing":"","half":"","rotation":-1},{"x":7,"y":9,"z":0,"material":"minecraft:air","facing":"","half":"","rotation":-1},{"x":7,"y":9,"z":1,"material":"minecraft:air","facing":"","half":"","rotation":-1},{"x":7,"y":9,"z":2,"material":"minecraft:air","facing":"","half":"","rotation":-1},{"x":7,"y":9,"z":3,"material":"minecraft:air","facing":"","half":"","rotation":-1},{"x":7,"y":9,"z":4,"material":"minecraft:air","facing":"","half":"","rotation":-1},{"x":8,"y":9,"z":0,"material":"minecraft:air","facing":"","half":"","rotation":-1},{"x":8,"y":9,"z":1,"material":"minecraft:air","facing":"","half":"","rotation":-1},{"x":8,"y":9,"z":2,"material":"minecraft:air","facing":"","half":"","rotation":-1},{"x":8,"y":9,"z":3,"material":"minecraft:air","facing":"","half":"","rotation":-1},{"x":8,"y":9,"z":4,"material":"minecraft:air","facing":"","half":"","rotation":-1},{"x":0,"y":10,"z":0,"material":"minecraft:air","facing":"","half":"","rotation":-1},{"x":0,"y":10,"z":1,"material":"minecraft:air","facing":"","half":"","rotation":-1},{"x":0,"y":10,"z":2,"material":"minecraft:air","facing":"","half":"","rotation":-1},{"x":0,"y":10,"z":3,"material":"minecraft:air","facing":"","half":"","rotation":-1},{"x":0,"y":10,"z":4,"material":"minecraft:air","facing":"","half":"","rotation":-1},{"x":1,"y":10,"z":0,"material":"minecraft:air","facing":"","half":"","rotation":-1},{"x":1,"y":10,"z":1,"material":"minecraft:air","facing":"","half":"","rotation":-1},{"x":1,"y":10,"z":2,"material":"minecraft:air","facing":"","half":"","rotation":-1},{"x":1,"y":10,"z":3,"material":"minecraft:air","facing":"","half":"","rotation":-1},{"x":1,"y":10,"z":4,"material":"minecraft:air","facing":"","half":"","rotation":-1},{"x":2,"y":10,"z":0,"material":"minecraft:air","facing":"","half":"","rotation":-1},{"x":2,"y":10,"z":1,"material":"minecraft:air","facing":"","half":"","rotation":-1},{"x":2,"y":10,"z":2,"material":"minecraft:air","facing":"","half":"","rotation":-1},{"x":2,"y":10,"z":3,"material":"minecraft:air","facing":"","half":"","rotation":-1},{"x":2,"y":10,"z":4,"material":"minecraft:air","facing":"","half":"","rotation":-1},{"x":3,"y":10,"z":0,"material":"minecraft:air","facing":"","half":"","rotation":-1},{"x":3,"y":10,"z":1,"material":"minecraft:air","facing":"","half":"","rotation":-1},{"x":3,"y":10,"z":2,"material":"minecraft:air","facing":"","half":"","rotation":-1},{"x":3,"y":10,"z":3,"material":"minecraft:air","facing":"","half":"","rotation":-1},{"x":3,"y":10,"z":4,"material":"minecraft:air","facing":"","half":"","rotation":-1},{"x":4,"y":10,"z":0,"material":"minecraft:air","facing":"","half":"","rotation":-1},{"x":4,"y":10,"z":1,"material":"minecraft:air","facing":"","half":"","rotation":-1},{"x":4,"y":10,"z":2,"material":"minecraft:air","facing":"","half":"","rotation":-1},{"x":4,"y":10,"z":3,"material":"minecraft:air","facing":"","half":"","rotation":-1},{"x":4,"y":10,"z":4,"material":"minecraft:air","facing":"","half":"","rotation":-1},{"x":5,"y":10,"z":0,"material":"minecraft:air","facing":"","half":"","rotation":-1},{"x":5,"y":10,"z":1,"material":"minecraft:air","facing":"","half":"","rotation":-1},{"x":5,"y":10,"z":2,"material":"minecraft:air","facing":"","half":"","rotation":-1},{"x":5,"y":10,"z":3,"material":"minecraft:air","facing":"","half":"","rotation":-1},{"x":5,"y":10,"z":4,"material":"minecraft:air","facing":"","half":"","rotation":-1},{"x":6,"y":10,"z":0,"material":"minecraft:air","facing":"","half":"","rotation":-1},{"x":6,"y":10,"z":1,"material":"minecraft:air","facing":"","half":"","rotation":-1},{"x":6,"y":10,"z":2,"material":"minecraft:air","facing":"","half":"","rotation":-1},{"x":6,"y":10,"z":3,"material":"minecraft:air","facing":"","half":"","rotation":-1},{"x":6,"y":10,"z":4,"material":"minecraft:air","facing":"","half":"","rotation":-1},{"x":7,"y":10,"z":0,"material":"minecraft:air","facing":"","half":"","rotation":-1},{"x":7,"y":10,"z":1,"material":"minecraft:air","facing":"","half":"","rotation":-1},{"x":7,"y":10,"z":2,"material":"minecraft:air","facing":"","half":"","rotation":-1},{"x":7,"y":10,"z":3,"material":"minecraft:air","facing":"","half":"","rotation":-1},{"x":7,"y":10,"z":4,"material":"minecraft:air","facing":"","half":"","rotation":-1},{"x":8,"y":10,"z":0,"material":"minecraft:air","facing":"","half":"","rotation":-1},{"x":8,"y":10,"z":1,"material":"minecraft:air","facing":"","half":"","rotation":-1},{"x":8,"y":10,"z":2,"material":"minecraft:air","facing":"","half":"","rotation":-1},{"x":8,"y":10,"z":3,"material":"minecraft:air","facing":"","half":"","rotation":-1},{"x":8,"y":10,"z":4,"material":"minecraft:air","facing":"","half":"","rotation":-1}]