[{"x":0,"y":0,"z":0,"material":"minecraft:stone_bricks","facing":"","half":"","rotation":-1},{"x":0,"y":0,"z":1,"material":"minecraft:stone_bricks","facing":"","half":"","rotation":-1},{"x":0,"y":0,"z":2,"material":"minecraft:stone_bricks","facing":"","half":"","rotation":-1},{"x":0,"y":0,"z":3,"material":"minecraft:air","facing":"","half":"","rotation":-1},{"x":1,"y":0,"z":0,"material":"minecraft:oak_trapdoor","facing":"west","half":"top","rotation":-1},{"x":1,"y":0,"z":1,"material":"minecraft:air","facing":"","half":"","rotation":-1},{"x":1,"y":0,"z":2,"material":"minecraft:stone_bricks","facing":"","half":"","rotation":-1},{"x":1,"y":0,"z":3,"material":"minecraft:air","facing":"","half":"","rotation":-1},{"x":2,"y":0,"z":0,"material":"minecraft:stone_bricks","facing":"","half":"","rotation":-1},{"x":2,"y":0,"z":1,"material":"minecraft:air","facing":"","half":"","rotation":-1},{"x":2,"y":0,"z":2,"material":"minecraft:stone_bricks","facing":"","half":"","rotation":-1},{"x":2,"y":0,"z":3,"material":"minecraft:air","facing":"","half":"","rotation":-1},{"x":3,"y":0,"z":0,"material":"minecraft:stone_bricks","facing":"","half":"","rotation":-1},{"x":3,"y":0,"z":1,"material":"minecraft:stone_bricks","facing":"","half":"","rotation":-1},{"x":3,"y":0,"z":2,"material":"minecraft:stone_bricks","facing":"","half":"","rotation":-1},{"x":3,"y":0,"z":3,"material":"minecraft:air","facing":"","half":"","rotation":-1},{"x":4,"y":0,"z":0,"material":"minecraft:air","facing":"","half":"","rotation":-1},{"x":4,"y":0,"z":1,"material":"minecraft:air","facing":"","half":"","rotation":-1},{"x":4,"y":0,"z":2,"material":"minecraft:air","facing":"","half":"","rotation":-1},{"x":4,"y":0,"z":3,"material":"minecraft:air","facing":"","half":"","rotation":-1},{"x":0,"y":1,"z":0,"material":"minecraft:smooth_sandstone","facing":"","half":"","rotation":-1},{"x":0,"y":1,"z":1,"material":"minecraft:flower_pot","facing":"","half":"","rotation":-1},{"x":0,"y":1,"z":2,"material":"minecraft:smooth_sandstone","facing":"","half":"","rotation":-1},{"x":0,"y":1,"z":3,"material":"minecraft:air","facing":"","half":"","rotation":-1},{"x":1,"y":1,"z":0,"material":"minecraft:air","facing":"","half":"","rotation":-1},{"x":1,"y":1,"z":1,"material":"minecraft:air","facing":"","half":"","rotation":-1},{"x":1,"y":1,"z":2,"material":"minecraft:flower_pot","facing":"","half":"","rotation":-1},{"x":1,"y":1,"z":3,"material":"minecraft:air","facing":"","half":"","rotation":-1},{"x":2,"y":1,"z":0,"material":"minecraft:flower_pot","facing":"","half":"","rotation":-1},{"x":2,"y":1,"z":1,"material":"minecraft:air","facing":"","half":"","rotation":-1},{"x":2,"y":1,"z":2,"material":"minecraft:air","facing":"","half":"","rotation":-1},{"x":2,"y":1,"z":3,"material":"minecraft:air","facing":"","half":"","rotation":-1},{"x":3,"y":1,"z":0,"material":"minecraft:smooth_sandstone","facing":"","half":"","rotation":-1},{"x":3,"y":1,"z":1,"material":"minecraft:flower_pot","facing":"","half":"","rotation":-1},{"x":3,"y":1,"z":2,"material":"minecraft:smooth_sandstone","facing":"","half":"","rotation":-1},{"x":3,"y":1,"z":3,"material":"minecraft:air","facing":"","half":"","rotation":-1},{"x":4,"y":1,"z":0,"material":"minecraft:air","facing":"","half":"","rotation":-1},{"x":4,"y":1,"z":1,"material":"minecraft:air","facing":"","half":"","rotation":-1},{"x":4,"y":1,"z":2,"material":"minecraft:air","facing":"","half":"","rotation":-1},{"x":4,"y":1,"z":3,"material":"minecraft:air","facing":"","half":"","rotation":-1},{"x":0,"y":2,"z":0,"material":"minecraft:smooth_sandstone","facing":"","half":"","rotation":-1},{"x":0,"y":2,"z":1,"material":"minecraft:red_terracotta","facing":"","half":"","rotation":-1},{"x":0,"y":2,"z":2,"material":"minecraft:smooth_sandstone","facing":"","half":"","rotation":-1},{"x":0,"y":2,"z":3,"material":"minecraft:stone_button","facing":"south","half":"","rotation":-1},{"x":1,"y":2,"z":0,"material":"minecraft:red_terracotta","facing":"","half":"","rotation":-1},{"x":1,"y":2,"z":1,"material":"minecraft:air","facing":"","half":"","rotation":-1},{"x":1,"y":2,"z":2,"material":"minecraft:red_terracotta","facing":"","half":"","rotation":-1},{"x":1,"y":2,"z":3,"material":"minecraft:oak_wall_sign","facing":"south","half":"","rotation":-1},{"x":2,"y":2,"z":0,"material":"minecraft:red_terracotta","facing":"","half":"","rotation":-1},{"x":2,"y":2,"z":1,"material":"minecraft:air","facing":"","half":"","rotation":-1},{"x":2,"y":2,"z":2,"material":"minecraft:red_terracotta","facing":"","half":"","rotation":-1},{"x":2,"y":2,"z":3,"material":"minecraft:oak_wall_sign","facing":"south","half":"","rotation":-1},{"x":3,"y":2,"z":0,"material":"minecraft:smooth_sandstone","facing":"","half":"","rotation":-1},{"x":3,"y":2,"z":1,"material":"minecraft:red_terracotta","facing":"","half":"","rotation":-1},{"x":3,"y":2,"z":2,"material":"minecraft:smooth_sandstone","facing":"","half":"","rotation":-1},{"x":3,"y":2,"z":3,"material":"minecraft:stone_button","facing":"south","half":"","rotation":-1},{"x":4,"y":2,"z":0,"material":"minecraft:stone_button","facing":"east","half":"","rotation":-1},{"x":4,"y":2,"z":1,"material":"minecraft:oak_wall_sign","facing":"east","half":"","rotation":-1},{"x":4,"y":2,"z":2,"material":"minecraft:stone_button","facing":"east","half":"","rotation":-1},{"x":4,"y":2,"z":3,"material":"minecraft:air","facing":"","half":"","rotation":-1},{"x":0,"y":3,"z":0,"material":"minecraft:quartz_slab","facing":"","half":"","rotation":-1},{"x":0,"y":3,"z":1,"material":"minecraft:quartz_slab","facing":"","half":"","rotation":-1},{"x":0,"y":3,"z":2,"material":"minecraft:quartz_slab","facing":"","half":"","rotation":-1},{"x":0,"y":3,"z":3,"material":"minecraft:air","facing":"","half":"","rotation":-1},{"x":1,"y":3,"z":0,"material":"minecraft:quartz_slab","facing":"","half":"","rotation":-1},{"x":1,"y":3,"z":1,"material":"minecraft:quartz_slab","facing":"","half":"","rotation":-1},{"x":1,"y":3,"z":2,"material":"minecraft:quartz_slab","facing":"","half":"","rotation":-1},{"x":1,"y":3,"z":3,"material":"minecraft:air","facing":"","half":"","rotation":-1},{"x":2,"y":3,"z":0,"material":"minecraft:quartz_slab","facing":"","half":"","rotation":-1},{"x":2,"y":3,"z":1,"material":"minecraft:quartz_slab","facing":"","half":"","rotation":-1},{"x":2,"y":3,"z":2,"material":"minecraft:quartz_slab","facing":"","half":"","rotation":-1},{"x":2,"y":3,"z":3,"material":"minecraft:air","facing":"","half":"","rotation":-1},{"x":3,"y":3,"z":0,"material":"minecraft:quartz_slab","facing":"","half":"","rotation":-1},{"x":3,"y":3,"z":1,"material":"minecraft:quartz_slab","facing":"","half":"","rotation":-1},{"x":3,"y":3,"z":2,"material":"minecraft:quartz_slab","facing":"","half":"","rotation":-1},{"x":3,"y":3,"z":3,"material":"minecraft:air","facing":"","half":"","rotation":-1},{"x":4,"y":3,"z":0,"material":"minecraft:quartz_slab","facing":"","half":"","rotation":-1},{"x":4,"y":3,"z":1,"material":"minecraft:quartz_slab","facing":"","half":"","rotation":-1},{"x":4,"y":3,"z":2,"material":"minecraft:quartz_slab","facing":"","half":"","rotation":-1},{"x":4,"y":3,"z":3,"material":"minecraft:air","facing":"","half":"","rotation":-1},{"x":0,"y":4,"z":0,"material":"minecraft:iron_bars","facing":"","half":"","rotation":-1},{"x":0,"y":4,"z":1,"material":"minecraft:air","facing":"","half":"","rotation":-1},{"x":0,"y":4,"z":2,"material":"minecraft:iron_bars","facing":"","half":"","rotation":-1},{"x":0,"y":4,"z":3,"material":"minecraft:air","facing":"","half":"","rotation":-1},{"x":1,"y":4,"z":0,"material":"minecraft:air","facing":"","half":"","rotation":-1},{"x":1,"y":4,"z":1,"material":"minecraft:air","facing":"","half":"","rotation":-1},{"x":1,"y":4,"z":2,"material":"minecraft:air","facing":"","half":"","rotation":-1},{"x":1,"y":4,"z":3,"material":"minecraft:air","facing":"","half":"","rotation":-1},{"x":2,"y":4,"z":0,"material":"minecraft:air","facing":"","half":"","rotation":-1},{"x":2,"y":4,"z":1,"material":"minecraft:air","facing":"","half":"","rotation":-1},{"x":2,"y":4,"z":2,"material":"minecraft:air","facing":"","half":"","rotation":-1},{"x":2,"y":4,"z":3,"material":"minecraft:air","facing":"","half":"","rotation":-1},{"x":3,"y":4,"z":0,"material":"minecraft:iron_bars","facing":"","half":"","rotation":-1},{"x":3,"y":4,"z":1,"material":"minecraft:air","facing":"","half":"","rotation":-1},{"x":3,"y":4,"z":2,"material":"minecraft:iron_bars","facing":"","half":"","rotation":-1},{"x":3,"y":4,"z":3,"material":"minecraft:air","facing":"","half":"","rotation":-1},{"x":4,"y":4,"z":0,"material":"minecraft:iron_bars","facing":"","half":"","rotation":-1},{"x":4,"y":4,"z":1,"material":"minecraft:air","facing":"","half":"","rotation":-1},{"x":4,"y":4,"z":2,"material":"minecraft:iron_bars","facing":"","half":"","rotation":-1},{"x":4,"y":4,"z":3,"material":"minecraft:air","facing":"","half":"","rotation":-1},{"x":0,"y":5,"z":0,"material":"minecraft:iron_bars","facing":"","half":"","rotation":-1},{"x":0,"y":5,"z":1,"material":"minecraft:air","facing":"","half":"","rotation":-1},{"x":0,"y":5,"z":2,"material":"minecraft:iron_bars","facing":"","half":"","rotation":-1},{"x":0,"y":5,"z":3,"material":"minecraft:air","facing":"","half":"","rotation":-1},{"x":1,"y":5,"z":0,"material":"minecraft:iron_bars","facing":"","half":"","rotation":-1},{"x":1,"y":5,"z":1,"material":"minecraft:air","facing":"","half":"","rotation":-1},{"x":1,"y":5,"z":2,"material":"minecraft:iron_bars","facing":"","half":"","rotation":-1},{"x":1,"y":5,"z":3,"material":"minecraft:air","facing":"","half":"","rotation":-1},{"x":2,"y":5,"z":0,"material":"minecraft:iron_bars","facing":"","half":"","rotation":-1},{"x":2,"y":5,"z":1,"material":"minecraft:air","facing":"","half":"","rotation":-1},{"x":2,"y":5,"z":2,"material":"minecraft:iron_bars","facing":"","half":"","rotation":-1},{"x":2,"y":5,"z":3,"material":"minecraft:air","facing":"","half":"","rotation":-1},{"x":3,"y":5,"z":0,"material":"minecraft:iron_bars","facing":"","half":"","rotation":-1},{"x":3,"y":5,"z":1,"material":"minecraft:air","facing":"","half":"","rotation":-1},{"x":3,"y":5,"z":2,"material":"minecraft:iron_bars","facing":"","half":"","rotation":-1},{"x":3,"y":5,"z":3,"material":"minecraft:air","facing":"","half":"","rotation":-1},{"x":4,"y":5,"z":0,"material":"minecraft:air","facing":"","half":"","rotation":-1},{"x":4,"y":5,"z":1,"material":"minecraft:air","facing":"","half":"","rotation":-1},{"x":4,"y":5,"z":2,"material":"minecraft:air","facing":"","half":"","rotation":-1},{"x":4,"y":5,"z":3,"material":"minecraft:air","facing":"","half":"","rotation":-1},{"x":0,"y":6,"z":0,"material":"minecraft:air","facing":"","half":"","rotation":-1},{"x":0,"y":6,"z":1,"material":"minecraft:air","facing":"","half":"","rotation":-1},{"x":0,"y":6,"z":2,"material":"minecraft:air","facing":"","half":"","rotation":-1},{"x":0,"y":6,"z":3,"material":"minecraft:air","facing":"","half":"","rotation":-1},{"x":1,"y":6,"z":0,"material":"minecraft:air","facing":"","half":"","rotation":-1},{"x":1,"y":6,"z":1,"material":"minecraft:air","facing":"","half":"","rotation":-1},{"x":1,"y":6,"z":2,"material":"minecraft:air","facing":"","half":"","rotation":-1},{"x":1,"y":6,"z":3,"material":"minecraft:air","facing":"","half":"","rotation":-1},{"x":2,"y":6,"z":0,"material":"minecraft:air","facing":"","half":"","rotation":-1},{"x":2,"y":6,"z":1,"material":"minecraft:air","facing":"","half":"","rotation":-1},{"x":2,"y":6,"z":2,"material":"minecraft:air","facing":"","half":"","rotation":-1},{"x":2,"y":6,"z":3,"material":"minecraft:air","facing":"","half":"","rotation":-1},{"x":3,"y":6,"z":0,"material":"minecraft:air","facing":"","half":"","rotation":-1},{"x":3,"y":6,"z":1,"material":"minecraft:air","facing":"","half":"","rotation":-1},{"x":3,"y":6,"z":2,"material":"minecraft:air","facing":"","half":"","rotation":-1},{"x":3,"y":6,"z":3,"material":"minecraft:air","facing":"","half":"","rotation":-1},{"x":4,"y":6,"z":0,"material":"minecraft:air","facing":"","half":"","rotation":-1},{"x":4,"y":6,"z":1,"material":"minecraft:air","facing":"","half":"","rotation":-1},{"x":4,"y":6,"z":2,"material":"minecraft:air","facing":"","half":"","rotation":-1},{"x":4,"y":6,"z":3,"material":"minecraft:air","facing":"","half":"","rotation":-1},{"x":0,"y":7,"z":0,"material":"minecraft:air","facing":"","half":"","rotation":-1},{"x":0,"y":7,"z":1,"material":"minecraft:air","facing":"","half":"","rotation":-1},{"x":0,"y":7,"z":2,"material":"minecraft:air","facing":"","half":"","rotation":-1},{"x":0,"y":7,"z":3,"material":"minecraft:air","facing":"","half":"","rotation":-1},{"x":1,"y":7,"z":0,"material":"minecraft:air","facing":"","half":"","rotation":-1},{"x":1,"y":7,"z":1,"material":"minecraft:air","facing":"","half":"","rotation":-1},{"x":1,"y":7,"z":2,"material":"minecraft:air","facing":"","half":"","rotation":-1},{"x":1,"y":7,"z":3,"material":"minecraft:air","facing":"","half":"","rotation":-1},{"x":2,"y":7,"z":0,"material":"minecraft:air","facing":"","half":"","rotation":-1},{"x":2,"y":7,"z":1,"material":"minecraft:air","facing":"","half":"","rotation":-1},{"x":2,"y":7,"z":2,"material":"minecraft:air","facing":"","half":"","rotation":-1},{"x":2,"y":7,"z":3,"material":"minecraft:air","facing":"","half":"","rotation":-1},{"x":3,"y":7,"z":0,"material":"minecraft:air","facing":"","half":"","rotation":-1},{"x":3,"y":7,"z":1,"material":"minecraft:air","facing":"","half":"","rotation":-1},{"x":3,"y":7,"z":2,"material":"minecraft:air","facing":"","half":"","rotation":-1},{"x":3,"y":7,"z":3,"material":"minecraft:air","facing":"","half":"","rotation":-1},{"x":4,"y":7,"z":0,"material":"minecraft:air","facing":"","half":"","rotation":-1},{"x":4,"y":7,"z":1,"material":"minecraft:air","facing":"","half":"","rotation":-1},{"x":4,"y":7,"z":2,"material":"minecraft:air","facing":"","half":"","rotation":-1},{"x":4,"y":7,"z":3,"material":"minecraft:air","facing":"","half":"","rotation":-1},{"x":0,"y":8,"z":0,"material":"minecraft:air","facing":"","half":"","rotation":-1},{"x":0,"y":8,"z":1,"material":"minecraft:air","facing":"","half":"","rotation":-1},{"x":0,"y":8,"z":2,"material":"minecraft:air","facing":"","half":"","rotation":-1},{"x":0,"y":8,"z":3,"material":"minecraft:air","facing":"","half":"","rotation":-1},{"x":1,"y":8,"z":0,"material":"minecraft:air","facing":"","half":"","rotation":-1},{"x":1,"y":8,"z":1,"material":"minecraft:air","facing":"","half":"","rotation":-1},{"x":1,"y":8,"z":2,"material":"minecraft:air","facing":"","half":"","rotation":-1},{"x":1,"y":8,"z":3,"material":"minecraft:air","facing":"","half":"","rotation":-1},{"x":2,"y":8,"z":0,"material":"minecraft:air","facing":"","half":"","rotation":-1},{"x":2,"y":8,"z":1,"material":"minecraft:air","facing":"","half":"","rotation":-1},{"x":2,"y":8,"z":2,"material":"minecraft:air","facing":"","half":"","rotation":-1},{"x":2,"y":8,"z":3,"material":"minecraft:air","facing":"","half":"","rotation":-1},{"x":3,"y":8,"z":0,"material":"minecraft:air","facing":"","half":"","rotation":-1},{"x":3,"y":8,"z":1,"material":"minecraft:air","facing":"","half":"","rotation":-1},{"x":3,"y":8,"z":2,"material":"minecraft:air","facing":"","half":"","rotation":-1},{"x":3,"y":8,"z":3,"material":"minecraft:air","facing":"","half":"","rotation":-1},{"x":4,"y":8,"z":0,"material":"minecraft:air","facing":"","half":"","rotation":-1},{"x":4,"y":8,"z":1,"material":"minecraft:air","facing":"","half":"","rotation":-1},{"x":4,"y":8,"z":2,"material":"minecraft:air","facing":"","half":"","rotation":-1},{"x":4,"y":8,"z":3,"material":"minecraft:air","facing":"","half":"","rotation":-1},{"x":0,"y":9,"z":0,"material":"minecraft:air","facing":"","half":"","rotation":-1},{"x":0,"y":9,"z":1,"material":"minecraft:air","facing":"","half":"","rotation":-1},{"x":0,"y":9,"z":2,"material":"minecraft:air","facing":"","half":"","rotation":-1},{"x":0,"y":9,"z":3,"material":"minecraft:air","facing":"","half":"","rotation":-1},{"x":1,"y":9,"z":0,"material":"minecraft:air","facing":"","half":"","rotation":-1},{"x":1,"y":9,"z":1,"material":"minecraft:air","facing":"","half":"","rotation":-1},{"x":1,"y":9,"z":2,"material":"minecraft:air","facing":"","half":"","rotation":-1},{"x":1,"y":9,"z":3,"material":"minecraft:air","facing":"","half":"","rotation":-1},{"x":2,"y":9,"z":0,"material":"minecraft:air","facing":"","half":"","rotation":-1},{"x":2,"y":9,"z":1,"material":"minecraft:air","facing":"","half":"","rotation":-1},{"x":2,"y":9,"z":2,"material":"minecraft:air","facing":"","half":"","rotation":-1},{"x":2,"y":9,"z":3,"material":"minecraft:air","facing":"","half":"","rotation":-1},{"x":3,"y":9,"z":0,"material":"minecraft:air","facing":"","half":"","rotation":-1},{"x":3,"y":9,"z":1,"material":"minecraft:air","facing":"","half":"","rotation":-1},{"x":3,"y":9,"z":2,"material":"minecraft:air","facing":"","half":"","rotation":-1},{"x":3,"y":9,"z":3,"material":"minecraft:air","facing":"","half":"","rotation":-1},{"x":4,"y":9,"z":0,"material":"minecraft:air","facing":"","half":"","rotation":-1},{"x":4,"y":9,"z":1,"material":"minecraft:air","facing":"","half":"","rotation":-1},{"x":4,"y":9,"z":2,"material":"minecraft:air","facing":"","half":"","rotation":-1},{"x":4,"y":9,"z":3,"material":"minecraft:air","facing":"","half":"","rotation":-1},{"x":0,"y":10,"z":0,"material":"minecraft:air","facing":"","half":"","rotation":-1},{"x":0,"y":10,"z":1,"material":"minecraft:air","facing":"","half":"","rotation":-1},{"x":0,"y":10,"z":2,"material":"minecraft:air","facing":"","half":"","rotation":-1},{"x":0,"y":10,"z":3,"material":"minecraft:air","facing":"","half":"","rotation":-1},{"x":1,"y":10,"z":0,"material":"minecraft:air","facing":"","half":"","rotation":-1},{"x":1,"y":10,"z":1,"material":"minecraft:air","facing":"","half":"","rotation":-1},{"x":1,"y":10,"z":2,"material":"minecraft:air","facing":"","half":"","rotation":-1},{"x":1,"y":10,"z":3,"material":"minecraft:air","facing":"","half":"","rotation":-1},{"x":2,"y":10,"z":0,"material":"minecraft:air","facing":"","half":"","rotation":-1},{"x":2,"y":10,"z":1,"material":"minecraft:air","facing":"","half":"","rotation":-1},{"x":2,"y":10,"z":2,"material":"minecraft:air","facing":"","half":"","rotation":-1},{"x":2,"y":10,"z":3,"material":"minecraft:air","facing":"","half":"","rotation":-1},{"x":3,"y":10,"z":0,"material":"minecraft:air","facing":"","half":"","rotation":-1},{"x":3,"y":10,"z":1,"material":"minecraft:air","facing":"","half":"","rotation":-1},{"x":3,"y":10,"z":2,"material":"minecraft:air","facing":"","half":"","rotation":-1},{"x":3,"y":10,"z":3,"material":"minecraft:air","facing":"","half":"","rotation":-1},{"x":4,"y":10,"z":0,"material":"minecraft:air","facing":"","half":"","rotation":-1},{"x":4,"y":10,"z":1,"material":"minecraft:air","facing":"","half":"","rotation":-1},{"x":4,"y":10,"z":2,"material":"minecraft:air","facing":"","half":"","rotation":-1},{"x":4,"y":10,"z":3,"material":"minecraft:air","facing":"","half":"","rotation":-1},{"x":0,"y":11,"z":0,"material":"minecraft:air","facing":"","half":"","rotation":-1},{"x":0,"y":11,"z":1,"material":"minecraft:air","facing":"","half":"","rotation":-1},{"x":0,"y":11,"z":2,"material":"minecraft:air","facing":"","half":"","rotation":-1},{"x":0,"y":11,"z":3,"material":"minecraft:air","facing":"","half":"","rotation":-1},{"x":1,"y":11,"z":0,"material":"minecraft:air","facing":"","half":"","rotation":-1},{"x":1,"y":11,"z":1,"material":"minecraft:air","facing":"","half":"","rotation":-1},{"x":1,"y":11,"z":2,"material":"minecraft:air","facing":"","half":"","rotation":-1},{"x":1,"y":11,"z":3,"material":"minecraft:air","facing":"","half":"","rotation":-1},{"x":2,"y":11,"z":0,"material":"minecraft:air","facing":"","half":"","rotation":-1},{"x":2,"y":11,"z":1,"material":"minecraft:air","facing":"","half":"","rotation":-1},{"x":2,"y":11,"z":2,"material":"minecraft:air","facing":"","half":"","rotation":-1},{"x":2,"y":11,"z":3,"material":"minecraft:air","facing":"","half":"","rotation":-1},{"x":3,"y":11,"z":0,"material":"minecraft:air","facing":"","half":"","rotation":-1},{"x":3,"y":11,"z":1,"material":"minecraft:air","facing":"","half":"","rotation":-1},{"x":3,"y":11,"z":2,"material":"minecraft:air","facing":"","half":"","rotation":-1},{"x":3,"y":11,"z":3,"material":"minecraft:air","facing":"","half":"","rotation":-1},{"x":4,"y":11,"z":0,"material":"minecraft:air","facing":"","half":"","rotation":-1},{"x":4,"y":11,"z":1,"material":"minecraft:air","facing":"","half":"","rotation":-1},{"x":4,"y":11,"z":2,"material":"minecraft:air","facing":"","half":"","rotation":-1},{"x":4,"y":11,"z":3,"material":"minecraft:air","facing":"","half":"","rotation":-1},{"x":0,"y":12,"z":0,"material":"minecraft:air","facing":"","half":"","rotation":-1},{"x":0,"y":12,"z":1,"material":"minecraft:air","facing":"","half":"","rotation":-1},{"x":0,"y":12,"z":2,"material":"minecraft:air","facing":"","half":"","rotation":-1},{"x":0,"y":12,"z":3,"material":"minecraft:air","facing":"","half":"","rotation":-1},{"x":1,"y":12,"z":0,"material":"minecraft:air","facing":"","half":"","rotation":-1},{"x":1,"y":12,"z":1,"material":"minecraft:air","facing":"","half":"","rotation":-1},{"x":1,"y":12,"z":2,"material":"minecraft:air","facing":"","half":"","rotation":-1},{"x":1,"y":12,"z":3,"material":"minecraft:air","facing":"","half":"","rotation":-1},{"x":2,"y":12,"z":0,"material":"minecraft:air","facing":"","half":"","rotation":-1},{"x":2,"y":12,"z":1,"material":"minecraft:air","facing":"","half":"","rotation":-1},{"x":2,"y":12,"z":2,"material":"minecraft:air","facing":"","half":"","rotation":-1},{"x":2,"y":12,"z":3,"material":"minecraft:air","facing":"","half":"","rotation":-1},{"x":3,"y":12,"z":0,"material":"minecraft:air","facing":"","half":"","rotation":-1},{"x":3,"y":12,"z":1,"material":"minecraft:air","facing":"","half":"","rotation":-1},{"x":3,"y":12,"z":2,"material":"minecraft:air","facing":"","half":"","rotation":-1},{"x":3,"y":12,"z":3,"material":"minecraft:air","facing":"","half":"","rotation":-1},{"x":4,"y":12,"z":0,"material":"minecraft:air","facing":"","half":"","rotation":-1},{"x":4,"y":12,"z":1,"material":"minecraft:air","facing":"","half":"","rotation":-1},{"x":4,"y":12,"z":2,"material":"minecraft:air","facing":"","half":"","rotation":-1},{"x":4,"y":12,"z":3,"material":"minecraft:air","facing":"","half":"","rotation":-1},{"x":0,"y":13,"z":0,"material":"minecraft:air","facing":"","half":"","rotation":-1},{"x":0,"y":13,"z":1,"material":"minecraft:air","facing":"","half":"","rotation":-1},{"x":0,"y":13,"z":2,"material":"minecraft:air","facing":"","half":"","rotation":-1},{"x":0,"y":13,"z":3,"material":"minecraft:air","facing":"","half":"","rotation":-1},{"x":1,"y":13,"z":0,"material":"minecraft:air","facing":"","half":"","rotation":-1},{"x":1,"y":13,"z":1,"material":"minecraft:air","facing":"","half":"","rotation":-1},{"x":1,"y":13,"z":2,"material":"minecraft:air","facing":"","half":"","rotation":-1},{"x":1,"y":13,"z":3,"material":"minecraft:air","facing":"","half":"","rotation":-1},{"x":2,"y":13,"z":0,"material":"minecraft:air","facing":"","half":"","rotation":-1},{"x":2,"y":13,"z":1,"material":"minecraft:air","facing":"","half":"","rotation":-1},{"x":2,"y":13,"z":2,"material":"minecraft:air","facing":"","half":"","rotation":-1},{"x":2,"y":13,"z":3,"material":"minecraft:air","facing":"","half":"","rotation":-1},{"x":3,"y":13,"z":0,"material":"minecraft:air","facing":"","half":"","rotation":-1},{"x":3,"y":13,"z":1,"material":"minecraft:air","facing":"","half":"","rotation":-1},{"x":3,"y":13,"z":2,"material":"minecraft:air","facing":"","half":"","rotation":-1},{"x":3,"y":13,"z":3,"material":"minecraft:air","facing":"","half":"","rotation":-1},{"x":4,"y":13,"z":0,"material":"minecraft:air","facing":"","half":"","rotation":-1},{"x":4,"y":13,"z":1,"material":"minecraft:air","facing":"","half":"","rotation":-1},{"x":4,"y":13,"z":2,"material":"minecraft:air","facing":"","half":"","rotation":-1},{"x":4,"y":13,"z":3,"material":"minecraft:air","facing":"","half":"","rotation":-1},{"x":0,"y":14,"z":0,"material":"minecraft:air","facing":"","half":"","rotation":-1},{"x":0,"y":14,"z":1,"material":"minecraft:air","facing":"","half":"","rotation":-1},{"x":0,"y":14,"z":2,"material":"minecraft:air","facing":"","half":"","rotation":-1},{"x":0,"y":14,"z":3,"material":"minecraft:air","facing":"","half":"","rotation":-1},{"x":1,"y":14,"z":0,"material":"minecraft:air","facing":"","half":"","rotation":-1},{"x":1,"y":14,"z":1,"material":"minecraft:air","facing":"","half":"","rotation":-1},{"x":1,"y":14,"z":2,"material":"minecraft:air","facing":"","half":"","rotation":-1},{"x":1,"y":14,"z":3,"material":"minecraft:air","facing":"","half":"","rotation":-1},{"x":2,"y":14,"z":0,"material":"minecraft:air","facing":"","half":"","rotation":-1},{"x":2,"y":14,"z":1,"material":"minecraft:air","facing":"","half":"","rotation":-1},{"x":2,"y":14,"z":2,"material":"minecraft:air","facing":"","half":"","rotation":-1},{"x":2,"y":14,"z":3,"material":"minecraft:air","facing":"","half":"","rotation":-1},{"x":3,"y":14,"z":0,"material":"minecraft:air","facing":"","half":"","rotation":-1},{"x":3,"y":14,"z":1,"material":"minecraft:air","facing":"","half":"","rotation":-1},{"x":3,"y":14,"z":2,"material":"minecraft:air","facing":"","half":"","rotation":-1},{"x":3,"y":14,"z":3,"material":"minecraft:air","facing":"","half":"","rotation":-1},{"x":4,"y":14,"z":0,"material":"minecraft:air","facing":"","half":"","rotation":-1},{"x":4,"y":14,"z":1,"material":"minecraft:air","facing":"","half":"","rotation":-1},{"x":4,"y":14,"z":2,"material":"minecraft:air","facing":"","half":"","rotation":-1},{"x":4,"y":14,"z":3,"material":"minecraft:air","facing":"","half":"","rotation":-1},{"x":0,"y":15,"z":0,"material":"minecraft:air","facing":"","half":"","rotation":-1},{"x":0,"y":15,"z":1,"material":"minecraft:air","facing":"","half":"","rotation":-1},{"x":0,"y":15,"z":2,"material":"minecraft:air","facing":"","half":"","rotation":-1},{"x":0,"y":15,"z":3,"material":"minecraft:air","facing":"","half":"","rotation":-1},{"x":1,"y":15,"z":0,"material":"minecraft:air","facing":"","half":"","rotation":-1},{"x":1,"y":15,"z":1,"material":"minecraft:air","facing":"","half":"","rotation":-1},{"x":1,"y":15,"z":2,"material":"minecraft:air","facing":"","half":"","rotation":-1},{"x":1,"y":15,"z":3,"material":"minecraft:air","facing":"","half":"","rotation":-1},{"x":2,"y":15,"z":0,"material":"minecraft:air","facing":"","half":"","rotation":-1},{"x":2,"y":15,"z":1,"material":"minecraft:air","facing":"","half":"","rotation":-1},{"x":2,"y":15,"z":2,"material":"minecraft:air","facing":"","half":"","rotation":-1},{"x":2,"y":15,"z":3,"material":"minecraft:air","facing":"","half":"","rotation":-1},{"x":3,"y":15,"z":0,"material":"minecraft:air","facing":"","half":"","rotation":-1},{"x":3,"y":15,"z":1,"material":"minecraft:air","facing":"","half":"","rotation":-1},{"x":3,"y":15,"z":2,"material":"minecraft:air","facing":"","half":"","rotation":-1},{"x":3,"y":15,"z":3,"material":"minecraft:air","facing":"","half":"","rotation":-1},{"x":4,"y":15,"z":0,"material":"minecraft:air","facing":"","half":"","rotation":-1},{"x":4,"y":15,"z":1,"material":"minecraft:air","facing":"","half":"","rotation":-1},{"x":4,"y":15,"z":2,"material":"minecraft:air","facing":"","half":"","rotation":-1},{"x":4,"y":15,"z":3,"material":"minecraft:air","facing":"","half":"","rotation":-1},{"x":0,"y":16,"z":0,"material":"minecraft:air","facing":"","half":"","rotation":-1},{"x":0,"y":16,"z":1,"material":"minecraft:air","facing":"","half":"","rotation":-1},{"x":0,"y":16,"z":2,"material":"minecraft:air","facing":"","half":"","rotation":-1},{"x":0,"y":16,"z":3,"material":"minecraft:air","facing":"","half":"","rotation":-1},{"x":1,"y":16,"z":0,"material":"minecraft:air","facing":"","half":"","rotation":-1},{"x":1,"y":16,"z":1,"material":"minecraft:air","facing":"","half":"","rotation":-1},{"x":1,"y":16,"z":2,"material":"minecraft:air","facing":"","half":"","rotation":-1},{"x":1,"y":16,"z":3,"material":"minecraft:air","facing":"","half":"","rotation":-1},{"x":2,"y":16,"z":0,"material":"minecraft:air","facing":"","half":"","rotation":-1},{"x":2,"y":16,"z":1,"material":"minecraft:air","facing":"","half":"","rotation":-1},{"x":2,"y":16,"z":2,"material":"minecraft:air","facing":"","half":"","rotation":-1},{"x":2,"y":16,"z":3,"material":"minecraft:air","facing":"","half":"","rotation":-1},{"x":3,"y":16,"z":0,"material":"minecraft:air","facing":"","half":"","rotation":-1},{"x":3,"y":16,"z":1,"material":"minecraft:air","facing":"","half":"","rotation":-1},{"x":3,"y":16,"z":2,"material":"minecraft:air","facing":"","half":"","rotation":-1},{"x":3,"y":16,"z":3,"material":"minecraft:air","facing":"","half":"","rotation":-1},{"x":4,"y":16,"z":0,"material":"minecraft:air","facing":"","half":"","rotation":-1},{"x":4,"y":16,"z":1,"material":"minecraft:air","facing":"","half":"","rotation":-1},{"x":4,"y":16,"z":2,"material":"minecraft:air","facing":"","half":"","rotation":-1},{"x":4,"y":16,"z":3,"material":"minecraft:air","facing":"","half":"","rotation":-1},{"x":0,"y":17,"z":0,"material":"minecraft:air","facing":"","half":"","rotation":-1},{"x":0,"y":17,"z":1,"material":"minecraft:air","facing":"","half":"","rotation":-1},{"x":0,"y":17,"z":2,"material":"minecraft:air","facing":"","half":"","rotation":-1},{"x":0,"y":17,"z":3,"material":"minecraft:air","facing":"","half":"","rotation":-1},{"x":1,"y":17,"z":0,"material":"minecraft:air","facing":"","half":"","rotation":-1},{"x":1,"y":17,"z":1,"material":"minecraft:air","facing":"","half":"","rotation":-1},{"x":1,"y":17,"z":2,"material":"minecraft:air","facing":"","half":"","rotation":-1},{"x":1,"y":17,"z":3,"material":"minecraft:air","facing":"","half":"","rotation":-1},{"x":2,"y":17,"z":0,"material":"minecraft:air","facing":"","half":"","rotation":-1},{"x":2,"y":17,"z":1,"material":"minecraft:air","facing":"","half":"","rotation":-1},{"x":2,"y":17,"z":2,"material":"minecraft:air","facing":"","half":"","rotation":-1},{"x":2,"y":17,"z":3,"material":"minecraft:air","facing":"","half":"","rotation":-1},{"x":3,"y":17,"z":0,"material":"minecraft:air","facing":"","half":"","rotation":-1},{"x":3,"y":17,"z":1,"material":"minecraft:air","facing":"","half":"","rotation":-1},{"x":3,"y":17,"z":2,"material":"minecraft:air","facing":"","half":"","rotation":-1},{"x":3,"y":17,"z":3,"material":"minecraft:air","facing":"","half":"","rotation":-1},{"x":4,"y":17,"z":0,"material":"minecraft:air","facing":"","half":"","rotation":-1},{"x":4,"y":17,"z":1,"material":"minecraft:air","facing":"","half":"","rotation":-1},{"x":4,"y":17,"z":2,"material":"minecraft:air","facing":"","half":"","rotation":-1},{"x":4,"y":17,"z":3,"material":"minecraft:air","facing":"","half":"","rotation":-1},{"x":0,"y":18,"z":0,"material":"minecraft:air","facing":"","half":"","rotation":-1},{"x":0,"y":18,"z":1,"material":"minecraft:air","facing":"","half":"","rotation":-1},{"x":0,"y":18,"z":2,"material":"minecraft:air","facing":"","half":"","rotation":-1},{"x":0,"y":18,"z":3,"material":"minecraft:air","facing":"","half":"","rotation":-1},{"x":1,"y":18,"z":0,"material":"minecraft:air","facing":"","half":"","rotation":-1},{"x":1,"y":18,"z":1,"material":"minecraft:air","facing":"","half":"","rotation":-1},{"x":1,"y":18,"z":2,"material":"minecraft:air","facing":"","half":"","rotation":-1},{"x":1,"y":18,"z":3,"material":"minecraft:air","facing":"","half":"","rotation":-1},{"x":2,"y":18,"z":0,"material":"minecraft:air","facing":"","half":"","rotation":-1},{"x":2,"y":18,"z":1,"material":"minecraft:air","facing":"","half":"","rotation":-1},{"x":2,"y":18,"z":2,"material":"minecraft:air","facing":"","half":"","rotation":-1},{"x":2,"y":18,"z":3,"material":"minecraft:air","facing":"","half":"","rotation":-1},{"x":3,"y":18,"z":0,"material":"minecraft:air","facing":"","half":"","rotation":-1},{"x":3,"y":18,"z":1,"material":"minecraft:air","facing":"","half":"","rotation":-1},{"x":3,"y":18,"z":2,"material":"minecraft:air","facing":"","half":"","rotation":-1},{"x":3,"y":18,"z":3,"material":"minecraft:air","facing":"","half":"","rotation":-1},{"x":4,"y":18,"z":0,"material":"minecraft:air","facing":"","half":"","rotation":-1},{"x":4,"y":18,"z":1,"material":"minecraft:air","facing":"","half":"","rotation":-1},{"x":4,"y":18,"z":2,"material":"minecraft:air","facing":"","half":"","rotation":-1},{"x":4,"y":18,"z":3,"material":"minecraft:air","facing":"","half":"","rotation":-1},{"x":0,"y":19,"z":0,"material":"minecraft:air","facing":"","half":"","rotation":-1},{"x":0,"y":19,"z":1,"material":"minecraft:air","facing":"","half":"","rotation":-1},{"x":0,"y":19,"z":2,"material":"minecraft:air","facing":"","half":"","rotation":-1},{"x":0,"y":19,"z":3,"material":"minecraft:air","facing":"","half":"","rotation":-1},{"x":1,"y":19,"z":0,"material":"minecraft:air","facing":"","half":"","rotation":-1},{"x":1,"y":19,"z":1,"material":"minecraft:air","facing":"","half":"","rotation":-1},{"x":1,"y":19,"z":2,"material":"minecraft:air","facing":"","half":"","rotation":-1},{"x":1,"y":19,"z":3,"material":"minecraft:air","facing":"","half":"","rotation":-1},{"x":2,"y":19,"z":0,"material":"minecraft:air","facing":"","half":"","rotation":-1},{"x":2,"y":19,"z":1,"material":"minecraft:air","facing":"","half":"","rotation":-1},{"x":2,"y":19,"z":2,"material":"minecraft:air","facing":"","half":"","rotation":-1},{"x":2,"y":19,"z":3,"material":"minecraft:air","facing":"","half":"","rotation":-1},{"x":3,"y":19,"z":0,"material":"minecraft:air","facing":"","half":"","rotation":-1},{"x":3,"y":19,"z":1,"material":"minecraft:air","facing":"","half":"","rotation":-1},{"x":3,"y":19,"z":2,"material":"minecraft:air","facing":"","half":"","rotation":-1},{"x":3,"y":19,"z":3,"material":"minecraft:air","facing":"","half":"","rotation":-1},{"x":4,"y":19,"z":0,"material":"minecraft:air","facing":"","half":"","rotation":-1},{"x":4,"y":19,"z":1,"material":"minecraft:air","facing":"","half":"","rotation":-1},{"x":4,"y":19,"z":2,"material":"minecraft:air","facing":"","half":"","rotation":-1},{"x":4,"y":19,"z":3,"material":"minecraft:air","facing":"","half":"","rotation":-1},{"x":0,"y":20,"z":0,"material":"minecraft:air","facing":"","half":"","rotation":-1},{"x":0,"y":20,"z":1,"material":"minecraft:air","facing":"","half":"","rotation":-1},{"x":0,"y":20,"z":2,"material":"minecraft:air","facing":"","half":"","rotation":-1},{"x":0,"y":20,"z":3,"material":"minecraft:air","facing":"","half":"","rotation":-1},{"x":1,"y":20,"z":0,"material":"minecraft:air","facing":"","half":"","rotation":-1},{"x":1,"y":20,"z":1,"material":"minecraft:air","facing":"","half":"","rotation":-1},{"x":1,"y":20,"z":2,"material":"minecraft:air","facing":"","half":"","rotation":-1},{"x":1,"y":20,"z":3,"material":"minecraft:air","facing":"","half":"","rotation":-1},{"x":2,"y":20,"z":0,"material":"minecraft:air","facing":"","half":"","rotation":-1},{"x":2,"y":20,"z":1,"material":"minecraft:air","facing":"","half":"","rotation":-1},{"x":2,"y":20,"z":2,"material":"minecraft:air","facing":"","half":"","rotation":-1},{"x":2,"y":20,"z":3,"material":"minecraft:air","facing":"","half":"","rotation":-1},{"x":3,"y":20,"z":0,"material":"minecraft:air","facing":"","half":"","rotation":-1},{"x":3,"y":20,"z":1,"material":"minecraft:air","facing":"","half":"","rotation":-1},{"x":3,"y":20,"z":2,"material":"minecraft:air","facing":"","half":"","rotation":-1},{"x":3,"y":20,"z":3,"material":"minecraft:air","facing":"","half":"","rotation":-1},{"x":4,"y":20,"z":0,"material":"minecraft:air","facing":"","half":"","rotation":-1},{"x":4,"y":20,"z":1,"material":"minecraft:air","facing":"","half":"","rotation":-1},{"x":4,"y":20,"z":2,"material":"minecraft:air","facing":"","half":"","rotation":-1},{"x":4,"y":20,"z":3,"material":"minecraft:air","facing":"","half":"","rotation":-1}]